Week number,DATE,A(H1N1),A(H3N2),A(unknown),B,Positivity (%)*,Influenza 2022-2023 (%),Influenza 2021-2022 (%),Influenza 2020-2021 (%),Influenza 2019-2020 (%),Influenza 2018-2019 (%),Influenza 2017-2018 (%),T2M,QV2M,PRECTOTCORR,WS10M_RANGE,PS,NO,PM2.5,SO,CO
23,04/06/2015,0,0,0,1,0,0,0,0,0,0,0,11.94628571,6.570571429,2.505714286,6.024857143,100.4937143,0.001473261,9.7296,0.005577366,506.718
40,01/10/2015,0,3,5,6,0,0,0,0,0,0,0,11.74028571,6.937142857,0.078857143,2.657714286,102.48,0.005648184,11.686,0.008509125,427.4694286
41,08/10/2015,6,2,21,2,0,0,0,0,0,0,0,12.10685714,7.811714286,3.934857143,3.706857143,100.5037143,0.005648184,11.686,0.008509125,751.1171429
42,15/10/2015,7,0,6,5,0,0,0,0,0,0,0,9.672,6.202857143,0.484285714,3.17,101.4362857,0.005648184,11.686,0.008509125,462.4785714
43,22/10/2015,6,1,5,4,0,0,0,0,0,0,0,10.28714286,6.838571429,1.617714286,3.145142857,101.372,0.005648184,11.686,0.008509125,577.7758571
44,29/10/2015,0,1,12,8,0,0,0,0,0,0,0,9.986285714,7.136285714,1.922857143,3.846,100.736,0.005648184,11.686,0.008509125,668.1677143
45,05/11/2015,1,0,16,3,0,0,0,0,0,0,0,10.81314286,7.872,3.075142857,2.995714286,101.1971429,0.003577301,10.7104,0.006744514,644.1352857
46,12/11/2015,2,2,8,11,0,0,0,0,0,0,0,12.37942857,8.341142857,2.293142857,5.937142857,101.0357143,0.003577301,10.7104,0.006744514,749.537
47,19/11/2015,5,2,12,5,0,0,0,0,0,0,0,10.30371429,6.955428571,3.422,7.300857143,100.3357143,0.003577301,10.7104,0.006744514,803.6722857
48,26/11/2015,3,0,10,9,0,0,0,0,0,0,0,4.294571429,4.844285714,1.878857143,4.148857143,100.5151429,0.003577301,10.7104,0.006744514,703.8421429
49,03/12/2015,3,1,23,13,0,0,0,0,0,0,0,8.636571429,6.433142857,2.858857143,6.326857143,100.6285714,0.002071033,10.718,0.007082028,764.6715714
50,10/12/2015,12,0,16,9,0,0,0,0,0,0,0,9.360571429,6.548571429,1.816571429,5.218857143,101.4042857,0.002071033,10.718,0.007082028,642.2227143
51,17/12/2015,29,2,59,8,0,0,0,0,0,0,0,8.301142857,6.576285714,3.063428571,4.152,100.9737143,0.002071033,10.718,0.007082028,599.7292857
52,24/12/2015,26,0,71,11,0,0,0,0,0,0,0,9.791428571,6.986857143,2.043714286,5.246,100.492,0.002071033,10.718,0.007082028,553.8681429
53,31/12/2015,24,0,92,15,0,0,0,0,0,0,0,9.582571429,6.804857143,3.566857143,5.752571429,100.7977143,0.002071033,10.718,0.007082028,463.7255714
1,07/01/2016,84,3,135,13,0,0,0,0,0,0,0,6.473428571,5.826571429,6.44,6.134857143,98.65085714,0.007444776,13.404,0.007216719,713.4051429
2,14/01/2016,52,2,128,22,0,0,0,0,0,0,0,4.397714286,4.992,3.489428571,4.756,98.77514286,0.007444776,13.404,0.007216719,859.0548571
3,21/01/2016,73,1,163,22,0,0,0,0,0,0,0,0.752285714,3.616857143,0.375428571,3.708285714,101.31,0.007444776,13.404,0.007216719,957.3465714
4,28/01/2016,116,2,333,34,0,0,0,0,0,0,0,7.615428571,6.114571429,2.602,5.787714286,101.0988571,0.007444776,13.404,0.007216719,737.8118571
5,04/02/2016,126,3,370,48,0,0,0,0,0,0,0,6.857428571,5.536857143,1.795714286,5.476571429,100.6148571,0.003560365,13.644,0.006734032,825.1684286
6,11/02/2016,123,3,349,56,0,0,0,0,0,0,0,5.646857143,5.193428571,2.702571429,6.285142857,98.85542857,0.003560365,13.644,0.006734032,826.7067143
7,18/02/2016,98,1,433,58,0,0,0,0,0,0,0,2.222285714,3.987142857,1.897142857,4.497142857,100.236,0.003560365,13.644,0.006734032,815.3558571
8,25/02/2016,104,0,425,83,0,0,0,0,0,0,0,4.723428571,4.814571429,1.136285714,4.348857143,100.4888571,0.003560365,13.644,0.006734032,904.7911429
9,03/03/2016,73,2,472,130,0,0,0,0,0,0,0,3.432857143,4.155714286,2.444285714,4.713142857,100.3657143,0.00337783,16.526,0.005538583,601.6001429
10,10/03/2016,76,2,449,208,0,0,0,0,0,0,0,3.09,4.230857143,4.078857143,5.742,99.75885714,0.00337783,16.526,0.005538583,303.7315714
11,17/03/2016,78,1,595,326,0,0,0,0,0,0,0,4.758857143,4.497428571,0.081142857,3.004,102.3885714,0.00337783,16.526,0.005538583,409.8815714
12,24/03/2016,40,2,404,340,0,0,0,0,0,0,0,5.782571429,4.901142857,0.692571429,3.232285714,101.3211429,0.00337783,16.526,0.005538583,567.8801429
13,31/03/2016,40,4,342,355,0,0,0,0,0,0,0,7.100571429,5.304857143,4.034,5.912857143,99.62485714,0.00337783,16.526,0.005538583,488.3405714
14,07/04/2016,26,0,188,305,0,0,0,0,0,0,0,7.627142857,5.531142857,2.106857143,4.955428571,100.084,0.005964928,14.948,0.007207285,834.6897143
15,14/04/2016,10,2,156,263,0,0,0,0,0,0,0,8.213142857,5.664285714,2.425428571,4.015142857,100.0357143,0.005964928,14.948,0.007207285,754.9421429
16,21/04/2016,4,3,51,174,0,0,0,0,0,0,0,7.088571429,5.028,2.121428571,3.315142857,101.0388571,0.005964928,14.948,0.007207285,476.4904286
17,28/04/2016,1,5,61,125,0,0,0,0,0,0,0,5.493142857,4.396857143,1.731428571,4.581714286,100.7128571,0.005964928,14.948,0.007207285,411.628
18,05/05/2016,2,0,52,105,0,0,0,0,0,0,0,8.724857143,5.329142857,0.516571429,4.129428571,101.3597143,0.002312995,14.108,0.006849332,536.0725714
19,12/05/2016,0,1,37,76,0,0,0,0,0,0,0,14.174,8.239142857,2.069142857,3.311142857,100.0714286,0.002312995,14.108,0.006849332,691.7011429
20,19/05/2016,0,0,20,44,0,0,0,0,0,0,0,11.02914286,6.358571429,0.981142857,3.985714286,100.7254286,0.002312995,14.108,0.006849332,436.0345714
21,26/05/2016,0,0,5,25,0,0,0,0,0,0,0,12.25857143,7.133142857,1.422857143,3.545142857,100.7262857,0.002312995,14.108,0.006849332,435.4108571
22,02/06/2016,0,0,12,11,0,0,0,0,0,0,0,12.60714286,7.561142857,2.523428571,3.290857143,100.9982857,0.003005083,11.392,0.006560558,322.5248571
40,06/10/2016,1,1,8,4,0,0,0,0,0,0,0,11.58771429,6.751428571,1.203428571,4.126571429,101.4494286,0.003093453,10.279,0.00717846,351.8795714
41,13/10/2016,0,1,7,2,0,0,0,0,0,0,0,10.336,6.559714286,1.199428571,2.833714286,101.6082857,0.003093453,10.279,0.00717846,82.61657143
42,20/10/2016,0,0,10,4,0,0,0,0,0,0,0,10.57771429,6.887428571,2.573428571,4.039428571,100.758,0.003093453,10.279,0.00717846,483.8912857
43,27/10/2016,0,4,5,1,0,0,0,0,0,0,0,9.378857143,6.506571429,0.464285714,2.838571429,101.3237143,0.003093453,10.279,0.00717846,381.2338571
44,03/11/2016,0,4,13,4,0,0,0,0,0,0,0,9.315428571,6.75,0.226,2.904857143,101.9982857,0.004648045,10.3372,0.007988179,639.52
45,10/11/2016,0,3,17,2,0,0,0,0,0,0,0,4.498571429,4.848285714,3.501428571,4.870285714,99.94685714,0.004648045,10.3372,0.007988179,335.5807143
46,17/11/2016,1,5,41,3,0,0,0,0,0,0,0,7.926285714,6.213428571,2.332285714,4.966,101.064,0.004648045,10.3372,0.007988179,191.9267143
47,24/11/2016,0,4,22,1,0,0,0,0,0,0,0,5.994285714,5.493714286,6.057714286,6.225714286,99.488,0.004648045,10.3372,0.007988179,441.19
48,01/12/2016,0,9,52,2,0,0,0,0,0,0,0,3.215428571,4.300571429,0.077142857,2.416,102.0708571,0.006448551,14.324,0.006484041,512.3728571
49,08/12/2016,0,19,121,7,0,0,0,0,0,0,0,5.14,5.376,0.489428571,2.501142857,101.794,0.006448551,14.324,0.006484041,451.0444286
50,15/12/2016,0,49,186,8,0,0,0,0,0,0,0,7.945428571,6.464857143,1.873714286,2.785714286,101.3571429,0.006448551,14.324,0.006484041,454.9942857
51,22/12/2016,1,57,348,8,0,0,0,0,0,0,0,5.772285714,5.463714286,0.428,3.056571429,101.9608571,0.006448551,14.324,0.006484041,275.0007143
52,29/12/2016,0,36,396,9,0,0,0,0,0,0,0,4.971714286,5.138857143,0.681428571,3.787714286,102.3611429,0.006448551,14.324,0.006484041,349.8837143
1,05/01/2017,0,55,625,8,0,0,0,0,0,0,0,3.163714286,4.511428571,1.577142857,3.239428571,102.0105714,0.002280327,15.528,0.004573733,337.0525714
2,12/01/2017,0,57,865,27,0,0,0,0,0,0,0,4.945142857,5.090285714,3.103714286,4.417428571,101.1674286,0.002280327,15.528,0.004573733,693.2395714
3,19/01/2017,0,60,657,11,0,0,0,0,0,0,0,1.810285714,3.951714286,1.556285714,2.882285714,101.9065714,0.002280327,15.528,0.004573733,437.6437143
4,26/01/2017,0,42,764,22,0,0,0,0,0,0,0,0.560571429,3.691428571,0.174,1.897142857,101.976,0.002280327,15.528,0.004573733,791.7391429
5,02/02/2017,1,54,773,38,0,0,0,0,0,0,0,5.398285714,5.430857143,3.922857143,3.280285714,100.1068571,0.001976454,11.716,0.004660208,443.9092857
6,09/02/2017,1,32,547,22,0,0,0,0,0,0,0,3.608857143,4.624285714,1.838,4.561714286,100.4257143,0.001976454,11.716,0.004660208,530.5134286
7,16/02/2017,0,28,348,24,0,0,0,0,0,0,0,3.828571429,4.601428571,1.108857143,2.822857143,101.7885714,0.001976454,11.716,0.004660208,412.3472857
8,23/02/2017,0,22,407,28,0,0,0,0,0,0,0,8.208285714,6.144857143,1.596857143,5.619714286,100.738,0.001976454,11.716,0.004660208,337.6097143
9,02/03/2017,0,10,293,26,0,0,0,0,0,0,0,5.906571429,5.105714286,2.550285714,5.472,99.37285714,0.001251096,12.192,0.004534951,409.8648571
10,09/03/2017,1,17,123,25,0,0,0,0,0,0,0,6.619714286,5.456571429,3.121714286,4.913714286,99.67828571,0.001251096,12.192,0.004534951,0
11,16/03/2017,0,10,73,15,0,0,0,0,0,0,0,8.834285714,6.197428571,0.409714286,3.383714286,101.6737143,0.001251096,12.192,0.004534951,436.7662857
12,23/03/2017,0,5,58,18,0,0,0,0,0,0,0,8.123714286,5.840571429,2.432857143,6.658857143,100.1648571,0.001251096,12.192,0.004534951,440.8035714
13,30/03/2017,0,1,33,34,0,0,0,0,0,0,0,8.957142857,5.823428571,0.300571429,3.667714286,101.624,0.001251096,12.192,0.004534951,301.2407143
14,06/04/2017,0,2,36,26,0,0,0,0,0,0,0,9.633714286,6.069428571,0.335714286,3.711714286,101.4177143,0.001091105,12.454,0.004766598,322.4667143
15,13/04/2017,1,0,17,20,0,0,0,0,0,0,0,9.728571429,5.915428571,0.098285714,3.344571429,101.4794286,0.001091105,12.454,0.004766598,366.9392857
16,20/04/2017,0,1,15,25,0,0,0,0,0,0,0,8.102571429,5.123428571,0.684,3.393142857,101.8114286,0.001091105,12.454,0.004766598,267.8784286
17,27/04/2017,0,1,17,31,0,0,0,0,0,0,0,7.312,5.028571429,0.871714286,3.597714286,101.37,0.001091105,12.454,0.004766598,312.2508571
18,04/05/2017,0,0,6,30,0,0,0,0,0,0,0,9.772285714,5.902,0.920857143,4.077428571,100.7985714,0.001590836,11.448,0.0066376,258.727
19,11/05/2017,0,0,11,25,0,0,0,0,0,0,0,10.00085714,5.822857143,0.246285714,3.356571429,100.854,0.001590836,11.448,0.0066376,275.1421429
20,18/05/2017,0,0,16,33,0,0,0,0,0,0,0,13.57428571,8.077428571,5.289428571,4.462285714,100.6537143,0.001590836,11.448,0.0066376,445.9385714
40,05/10/2017,2,1,22,9,0,0,0,0,0,0,0,12.898,7.697428571,1.421142857,4.729428571,100.83,0.001169463,9.0574,0.004940596,0
41,12/10/2017,1,2,21,12,0,0,0,0,0,0,0,12.14571429,7.651428571,0.875428571,3.794571429,100.9668571,0.001169463,9.0574,0.004940596,563.689
42,19/10/2017,0,2,14,6,0,0,0,0,0,0,0,13.96571429,8.935428571,1.452285714,5.518857143,100.8085714,0.001169463,9.0574,0.004940596,476.5102857
43,26/10/2017,0,2,17,5,0,0,0,0,0,0,0,12.18371429,7.803714286,1.96,4.931714286,100.5628571,0.001169463,9.0574,0.004940596,561.6894286
44,02/11/2017,0,2,18,6,0,0,0,0,0,0,0,8.712,6.179428571,0.26,3.725428571,101.6174286,0.00253516,8.667,0.006290128,473.7608571
45,09/11/2017,1,4,18,12,0,0,0,0,0,0,0,6.894857143,5.792285714,2.368857143,3.600857143,100.9105714,0.00253516,8.667,0.006290128,464.5701429
46,16/11/2017,3,10,25,16,0,0,0,0,0,0,0,6.47,5.586857143,1.356285714,4.450857143,101.1462857,0.00253516,8.667,0.006290128,446.9754286
47,23/11/2017,4,2,46,32,0,0,0,0,0,0,0,7.397428571,5.972,1.612,5.016,100.466,0.00253516,8.667,0.006290128,473.814
48,30/11/2017,6,5,44,23,0,0,0,0,0,0,0,3.146571429,4.428857143,1.486285714,3.034,100.48,0.00253516,8.667,0.006290128,333.4014286
49,07/12/2017,12,7,90,66,0,0,0,0,0,0,0,5.019714286,5.136857143,1.155142857,3.279714286,101.7082857,0.001564754,8.5828,0.005518667,351.1464286
50,14/12/2017,14,9,139,148,0,0,0,0,0,0,0,1.329142857,4.048285714,3.738,4.798857143,99.02314286,0.001564754,8.5828,0.005518667,376.8664286
51,21/12/2017,18,21,338,436,0,0,0,0,0,0,0,4.096,4.992285714,1.281142857,2.957714286,101.6374286,0.001564754,8.5828,0.005518667,332.2612857
52,28/12/2017,7,18,425,667,0,0,0,0,0,0,0,5.720571429,5.540571429,3.215428571,4.503428571,100.3242857,0.001564754,8.5828,0.005518667,220.1731429
1,04/01/2018,16,15,829,1174,0,0,0,0,0,0,0,6.350285714,5.615428571,5.545428571,7.979714286,98.82457143,0.002796731,10.2244,0.004602034,196.1542857
2,11/01/2018,16,20,902,1449,0,0,0,0,0,0,0,3.705142857,4.705428571,0.902857143,3.765714286,100.4548571,0.002796731,10.2244,0.004602034,284.2232857
3,18/01/2018,39,37,858,1492,0,0,0,0,0,0,0,4.467714286,4.797142857,2.394285714,5.021714286,99.98457143,0.002796731,10.2244,0.004602034,228.1308571
4,25/01/2018,28,38,961,1483,0,0,0,0,0,0,0,4.748,5.203428571,3.259714286,4.923428571,100.0345714,0.002796731,10.2244,0.004602034,374.9917143
5,01/02/2018,25,19,935,1251,0,0,0,0,0,0,0,5.563714286,5.271142857,1.445142857,5.254857143,101.0448571,0.002038328,8.601,0.004843116,302.8307143
6,08/02/2018,11,16,778,1021,0,0,0,0,0,0,0,1.124571429,3.724285714,0.892857143,3.865428571,101.0014286,0.002038328,8.601,0.004843116,402.7821429
7,15/02/2018,9,26,905,1018,0,0,0,0,0,0,0,3.002571429,4.237714286,3.012285714,6.423714286,99.928,0.002038328,8.601,0.004843116,671.9668571
8,22/02/2018,19,32,1287,1202,0,0,0,0,0,0,0,4.020285714,4.598,1.341142857,3.106857143,101.4625714,0.002038328,8.601,0.004843116,475.2138571
9,01/03/2018,10,18,879,779,0,0,0,0,0,0,0,-1.122,2.667142857,0.664857143,4.169714286,101.4325714,0.003985275,12.656,0.005355151,176.8977143
10,08/03/2018,7,12,1159,874,0,0,0,0,0,0,0,2.826857143,4.396285714,3.702571429,4.5,98.47257143,0.003985275,12.656,0.005355151,418.6874286
11,15/03/2018,7,29,1000,667,0,0,0,0,0,0,0,6.730285714,5.681428571,4.246857143,5.254571429,98.93142857,0.003985275,12.656,0.005355151,523.1591429
12,22/03/2018,8,12,911,396,0,0,0,0,0,0,0,2.794,3.839428571,1.009714286,4.634857143,100.8331429,0.003985275,12.656,0.005355151,453.1107143
13,29/03/2018,4,16,712,275,0,0,0,0,0,0,0,5.871142857,5.046857143,3.225142857,4.374,99.81571429,0.003985275,12.656,0.005355151,392.8861429
14,05/04/2018,2,8,647,189,0,0,0,0,0,0,0,6.494285714,5.371142857,5.276571429,4.861142857,99.33714286,0.0025807,16.882,0.00522937,332.8168571
15,12/04/2018,6,9,457,122,0,0,0,0,0,0,0,8.538,6.359142857,3.276,3.390571429,99.93257143,0.0025807,16.882,0.00522937,271.0731429
16,19/04/2018,2,1,216,64,0,0,0,0,0,0,0,11.55485714,7.016,0.544,3.245428571,100.9051429,0.0025807,16.882,0.00522937,491.5005714
17,26/04/2018,1,2,80,34,0,0,0,0,0,0,0,11.736,6.986857143,1.224,3.858571429,100.762,0.0025807,16.882,0.00522937,414.6802857
18,03/05/2018,0,0,58,10,0,0,0,0,0,0,0,7.660571429,5.517142857,4.681428571,4.956,100.238,0.002586948,13.962,0.006291176,329.53
19,10/05/2018,0,0,43,18,0,0,0,0,0,0,0,13.76714286,7.180571429,0.188,3.153142857,100.9951429,0.002586948,13.962,0.006291176,402.978
20,17/05/2018,0,0,33,11,0,0,0,0,0,0,0,11.61085714,6.536857143,1.542857143,3.987428571,101.2097143,0.002586948,13.962,0.006291176,259.5284286
22,31/05/2018,26,0,71,11,0,0,0,0,0,0,0,16.01142857,9.674571429,2.43,3.477714286,100.9994286,0.002586948,13.962,0.006291176,229.4385714
25,21/06/2018,26,3,71,11,0,0,0,0,0,0,0,16.06628571,8.718857143,0.462,3.968571429,101.094,0.001767273,10.604,0.00522937,359.2862857
40,04/10/2018,0,0,0,1,5.9,0,0,0,0,0,0,11.45685714,6.716857143,0.349428571,3.852571429,101.698,0.001636563,7.6222,0.005431669,350.358
41,11/10/2018,0,0,0,0,0,0,0,0,0,0,0,12.10342857,7.702285714,1.835142857,4.498285714,100.7522857,0.001636563,7.6222,0.005431669,326.0965714
42,18/10/2018,0,0,0,0,0,0,0,0,0,0,0,13.70571429,8.651714286,3.476571429,5.092571429,100.662,0.001636563,7.6222,0.005431669,314.2841429
43,25/10/2018,4,0,0,1,9.4,0,0,0,0,0,0,10.224,6.506285714,0.123142857,3.599714286,102.0857143,0.001636563,7.6222,0.005431669,604.7508571
44,01/11/2018,3,1,0,0,7.4,0,0,0,0,0,0,6.041714286,5.128,2.475428571,3.686857143,100.1294286,0.001505816,8.1632,0.006223044,317.569
45,08/11/2018,1,1,0,0,2.7,0,0,0,0,0,0,8.887142857,6.499714286,1.182,4.233714286,100.2737143,0.001505816,8.1632,0.006223044,392.1552857
46,15/11/2018,3,2,0,0,5.7,0,0,0,0,0,0,9.908285714,6.991142857,3.462857143,4.811428571,100.2137143,0.001505816,8.1632,0.006223044,486.4695714
47,22/11/2018,2,2,0,0,3.3,0,0,0,0,0,0,5.645714286,5.114571429,1.557142857,3.095428571,101.3417143,0.001505816,8.1632,0.006223044,279.6495714
48,29/11/2018,6,0,0,0,6.1,0,0,0,0,0,0,6.971428571,5.947714286,3.036285714,5.221142857,100.2754286,0.001505816,8.1632,0.006223044,291.7188571
49,06/12/2018,3,0,0,1,4.5,0,0,0,0,0,0,8.379714286,6.647142857,3.525428571,4.325428571,99.96171429,0.000993251,9.3668,0.00512298,376.4985714
50,13/12/2018,10,1,1,1,12.9,0,0,0,0,0,0,5.395714286,5.124857143,1.981428571,4.286285714,100.6557143,0.000993251,9.3668,0.00512298,319.7174286
51,20/12/2018,15,4,1,0,18.3,0,0,0,0,0,0,4.552285714,5.072857143,4.312571429,4.283428571,100.2785714,0.000993251,9.3668,0.00512298,398.6145714
52,27/12/2018,27,1,0,0,32.6,0,0,0,0,0,0,6.211142857,5.672857143,2.729714286,3.258857143,101.4202857,0.000993251,9.3668,0.00512298,402.7458571
1,03/01/2019,39,4,2,1,35.1,0,0,0,0,0,0,5.380571429,5.235714286,0.172857143,2.702,102.7942857,0.00392995,6.2608,0.00506533,296.7571429
2,10/01/2019,50,10,3,0,33.5,0,0,0,0,0,0,3.011714286,4.426571429,0.242,2.970857143,102.5228571,0.00392995,6.2608,0.00506533,304.9682857
3,17/01/2019,86,11,3,0,51.3,0,0,0,0,0,0,5.433142857,5.227142857,0.696571429,4.054857143,100.8411429,0.00392995,6.2608,0.00506533,292.8321429
4,24/01/2019,73,13,3,1,47.6,0,0,0,0,0,0,0.79,3.788857143,1.458857143,4.163428571,100.3568571,0.00392995,6.2608,0.00506533,504.9784286
5,31/01/2019,100,16,1,1,53.9,0,0,0,0,0,0,2.441428571,4.353142857,2.089714286,5.560857143,99.12914286,0.00392995,6.2608,0.00506533,561.3754286
6,07/02/2019,96,31,2,0,60,0,0,0,0,0,0,3.396857143,4.632,3.282,5.555428571,100.3414286,0.003018632,8.4056,0.00410048,412.8557143
7,14/02/2019,68,27,0,0,51.4,0,0,0,0,0,0,5.592857143,5.182285714,1.871714286,5.437142857,100.7917143,0.003018632,8.4056,0.00410048,451.2184286
8,21/02/2019,41,13,0,1,47,0,0,0,0,0,0,7.360571429,5.818285714,0.428857143,2.911714286,101.2214286,0.003018632,8.4056,0.00410048,414.9861429
9,28/02/2019,9,12,1,0,26.8,0,0,0,0,0,0,7.441428571,5.650285714,0.262285714,2.758857143,102.2708571,0.003018632,8.4056,0.00410048,369.2962857
10,07/03/2019,11,11,0,0,28.9,0,0,0,0,0,0,7.662285714,5.807142857,3.729714286,6.265714286,99.15685714,0.00093755,11.014,0.003116449,54.468
11,14/03/2019,7,5,0,0,23.1,0,0,0,0,0,0,6.546,5.010285714,3.918,8.528571429,100.0557143,0.00093755,11.014,0.003116449,360.951
12,21/03/2019,1,4,0,0,12.8,0,0,0,0,0,0,8.232857143,5.944857143,1.547142857,4.801428571,100.9162857,0.00093755,11.014,0.003116449,346.6487143
13,28/03/2019,1,12,0,1,29.2,0,0,0,0,0,0,7.569428571,5.125142857,0.055428571,4.049428571,102.438,0.00093755,11.014,0.003116449,303.777
14,04/04/2019,0,2,0,0,10,0,0,0,0,0,0,6.662285714,4.987428571,1.210571429,3.797714286,100.6111429,0.002087631,15.444,0.005017113,391.6992857
15,11/04/2019,0,0,0,0,0,0,0,0,0,0,0,7.526,5.244285714,0.668285714,3.379428571,100.5737143,0.002087631,15.444,0.005017113,207.6128571
16,18/04/2019,0,5,0,0,29.4,0,0,0,0,0,0,7.359142857,5.002857143,0.102857143,3.337142857,101.588,0.002087631,15.444,0.005017113,262.3851429
17,25/04/2019,0,0,0,0,0,0,0,0,0,0,0,11.99514286,6.631428571,0.511714286,3.721714286,100.4057143,0.002087631,15.444,0.005017113,232.3442857
18,02/05/2019,0,0,0,0,0,0,0,0,0,0,0,10.01485714,6.035714286,1.061428571,3.702285714,100.9331429,0.0025218,10.96,0.005046462,301.7115714
19,09/05/2019,0,0,0,0,0,0,0,0,0,0,0,8.258,5.370571429,3.209714286,4.408857143,100.4985714,0.0025218,10.96,0.005046462,259.1495714
20,16/05/2019,0,0,0,0,0,0,0,0,0,0,0,10.34857143,5.524857143,0.361714286,2.936857143,101.9074286,0.0025218,10.96,0.005046462,223.3104286
40,03/10/2019,0,0,0,0,0,0,0,0,0,0,0,12.55914286,7.787714286,7.036571429,5.977142857,99.94971429,0.00248247,8.7878,0.005866139,495.5707143
41,10/10/2019,1,1,1,0,3.5,0,0,0,0,0,0,11.80114286,7.479142857,3.885428571,4.829142857,100.146,0.00248247,8.7878,0.005866139,514.708
42,17/10/2019,2,5,1,4,9.4,0,0,0,0,0,0,11.52171429,7.881714286,5.590571429,5.300285714,99.76314286,0.00248247,8.7878,0.005866139,398.261
43,24/10/2019,1,7,4,0,5.6,0,0,0,0,0,0,9.814,6.884571429,2.692857143,3.644,100.2597143,0.00248247,8.7878,0.005866139,418.3477143
44,31/10/2019,0,10,1,1,6.4,0,0,0,0,0,0,8.152571429,5.970571429,2.094571429,4.326571429,101.1997143,0.00248247,8.7878,0.005866139,273.7611429
45,07/11/2019,5,18,0,1,12.4,0,0,0,0,0,0,8.549142857,6.660571429,5.312285714,4.778,98.37771429,0.006222735,7.1002,0.007264935,496.3285714
46,14/11/2019,4,29,1,4,18.9,0,0,0,0,0,0,5.155142857,5.092,3.875428571,4.288571429,99.50114286,0.006222735,7.1002,0.007264935,553.443
47,21/11/2019,2,57,3,2,26.3,0,0,0,0,0,0,4.476571429,4.874,0.964285714,3.716857143,100.2682857,0.006222735,7.1002,0.007264935,388.4274286
48,28/11/2019,3,93,7,4,38.9,0,0,0,0,0,0,8.416857143,6.732571429,4.662857143,3.998571429,98.86142857,0.006222735,7.1002,0.007264935,395.0792857
49,05/12/2019,5,102,6,1,38.4,0,0,0,0,0,0,3.147428571,4.576,0.392,3.243428571,101.4591429,0.002250858,7.1932,0.005769707,395.711
50,12/12/2019,7,146,5,11,49.3,0,0,0,0,0,0,6.456,5.690285714,3.810571429,6.338285714,99.56685714,0.002250858,7.1932,0.005769707,330.1647143
51,19/12/2019,7,172,2,6,47,0,0,0,0,0,0,5.785714286,5.532285714,5.753428571,5.416,98.70085714,0.002250858,7.1932,0.005769707,282.2374286
52,26/12/2019,8,82,3,2,47.7,0,0,0,0,0,0,6.466571429,5.857142857,4.488,5.050571429,99.18057143,0.002250858,7.1932,0.005769707,296.0502857
1,02/01/2020,6,68,2,5,34.5,0,0,0,0,0,0,5.767428571,5.447714286,0.258571429,3.253714286,102.1565714,0.000578202,8.7226,0.003560563,148.189
2,09/01/2020,9,39,0,5,23.1,0,0,0,0,0,0,6.916857143,5.867714286,1.979428571,5.142285714,101.3828571,0.000578202,8.7226,0.003560563,0
3,16/01/2020,14,14,1,5,19.9,0,0,0,0,0,0,7.112285714,5.888857143,4.202857143,7.392857143,100.3754286,0.000578202,8.7226,0.003560563,0
4,23/01/2020,6,5,0,8,14.3,0,0,0,0,0,0,3.779428571,4.76,0.426571429,2.462857143,102.6434286,0.000578202,8.7226,0.003560563,0
5,30/01/2020,13,10,0,8,18,0,0,0,0,0,0,5.549714286,5.415142857,1.972285714,3.513714286,99.95571429,0.000578202,8.7226,0.003560563,0
6,06/02/2020,5,7,0,11,15.2,0,0,0,0,0,0,6.445714286,5.562285714,1.295428571,4.964857143,100.8111429,0.000708874,10.772,0.003165084,0
7,13/02/2020,4,1,0,2,18.9,0,0,0,0,0,0,5.708857143,5.086285714,4.187142857,6.045428571,99.66714286,0.000708874,10.772,0.003165084,0
8,20/02/2020,6,2,0,4,35.3,0,0,0,0,0,0,7.023428571,5.706857143,4.756571429,6.122285714,100.1188571,0.000708874,10.772,0.003165084,0
9,27/02/2020,0,0,0,1,5.3,0,0,0,0,0,0,5.818857143,5.130857143,3.521428571,7.566285714,100.1048571,0.000708874,10.772,0.003165084,0
27,02/07/2020,0,0,0,0,0,0,0,0,0,0,0,16.05314286,8.969714286,2.591142857,4.823714286,99.99028571,0.000444218,6.0558,0.002894916,0
28,09/07/2020,0,0,0,0,0,0,0,0,0,0,0,15.77485714,8.791714286,3.585428571,4.638857143,100.6134286,0.000444218,6.0558,0.002894916,0
29,16/07/2020,0,0,0,0,0,0,0,0,0,0,0,15.78942857,8.178571429,0.983714286,3.185428571,101.33,0.000444218,6.0558,0.002894916,0
30,23/07/2020,0,0,0,1,0.1,0,0,0,0,0,0,16.84257143,8.425142857,1.027428571,3.063142857,101.2937143,0.000444218,6.0558,0.002894916,0
31,30/07/2020,0,0,0,0,0,0,0,0,0,0,0,17.19342857,9.172857143,2.504571429,4.445142857,100.4742857,0.000444218,6.0558,0.002894916,0
32,06/08/2020,0,0,0,0,0,0,0,0,0,0,0,18.48371429,9.448,0.348,4.039428571,100.724,0.000891785,9.4124,0.003646933,0
33,13/08/2020,0,0,0,0,0,0,0,0,0,0,0,22.27457143,11.92514286,0.520285714,2.745714286,100.9142857,0.000891785,9.4124,0.003646933,0
34,20/08/2020,0,0,0,0,0,0,0,0,0,0,0,18.96171429,11.37542857,4.941142857,3.638857143,100.1674286,0.000891785,9.4124,0.003646933,0
35,27/08/2020,0,0,0,0,0,0,0,0,0,0,0,17.05057143,9.293142857,4.219714286,6.645714286,100.174,0.3606,4.995,2.043,136.07
36,03/09/2020,0,0,0,0,0,0,0,0,0,0,0,14.41685714,7.810571429,2.425142857,4.191142857,100.7245714,0.987228571,7.718,2.646285714,221.5057143
37,10/09/2020,0,0,0,0,0,0,0,0,0,0,0,15.02114286,8.337714286,0.356,3.328857143,101.4131429,1.086428571,6.626,2.232857143,244.6771429
38,17/09/2020,0,0,1,3,0.2,0,0,0,0,0,0,16.208,8.749142857,0.065428571,3.495714286,101.4277143,1.2184,10.94028571,3.759714286,239.0714286
39,24/09/2020,0,0,0,1,0.1,0,0,0,0,0,0,14.67942857,8.149428571,2.051428571,4.522857143,100.4591429,1.442314286,11.15457143,3.738857143,247.6771429
40,01/10/2020,0,0,0,0,0,0,0,0,0,0,0,11.31914286,6.968285714,4.364,5.09,100.0331429,1.226885714,9.646571429,3.258571429,261.3142857
41,08/10/2020,0,0,1,1,0.2,0,0,0,0,0,0,11.71971429,7.779142857,10.03885714,6.372,98.88628571,1.453857143,17.77657143,5.388571429,303.5885714
42,15/10/2020,0,0,1,0,0.1,0,0,0,0,0,0,9.000571429,6.220571429,1.833428571,4.171142857,101.2537143,1.418371429,11.54171429,5.133142857,230.6428571
43,22/10/2020,0,0,0,0,0,0,0,0,0,0,0,10.75114286,7.184285714,3.087142857,3.824571429,100.5474286,1.799685714,13.83971429,5.325428571,269.2914286
44,29/10/2020,0,0,0,0,0,0,0,0,0,0,0,9.574285714,6.966857143,3.790857143,4.858857143,99.386,1.868857143,16.27457143,5.433428571,287.2314286
45,05/11/2020,0,0,0,0,0,0,0,0,0,0,0,9.803714286,6.943142857,2.250571429,5.908,100.9365714,1.488657143,16.83914286,5.412571429,262.2771429
46,12/11/2020,0,0,0,1,0.1,0,0,0,0,0,0,9.598857143,7.167142857,1.529714286,3.307714286,101.2591429,2.552857143,21.64914286,6.300857143,327.3257143
47,19/11/2020,0,0,1,2,0.2,0,0,0,0,0,0,9.847142857,6.927428571,3.130857143,5.011714286,100.4022857,1.137571429,14.42171429,5.574571429,270.2228571
48,26/11/2020,0,0,2,1,0.2,0,0,0,0,0,0,7.145142857,5.970857143,0.544571429,3.357142857,101.4848571,1.656,14.41457143,4.913428571,266.2457143
49,03/12/2020,0,0,0,0,0,0,0,0,0,0,0,5.129714286,5.301142857,2.322,3.342,100.9165714,2.766057143,16.35428571,4.901142857,294.9342857
50,10/12/2020,0,0,1,1,0.1,0,0,0,0,0,0,2.809142857,4.523142857,3.012857143,3.146571429,98.91628571,1.8296,15.02028571,5.958571429,277.8371429
51,17/12/2020,0,0,0,0,0,0,0,0,0,0,0,7.288285714,6.220285714,3.619714286,4.773714286,99.396,3.130714286,21.88514286,9.239428571,309.5571429
52,24/12/2020,0,0,1,0,0.1,0,0,0,0,0,0,7.813428571,6.370285714,5.723142857,4.648857143,100.194,1.332485714,11.83028571,5.091142857,239.2971429
53,31/12/2020,0,0,0,0,0,0,0,0,0,0,0,2.288571429,4.401142857,2.588857143,5.342285714,99.08714286,2.0686,17.28085714,6.384,281.2971429
1,07/01/2021,0,0,0,0,0,0,0,0,0,0,0,1.609428571,4.045142857,1.300571429,2.147714286,101.052,1.5508,16.18771429,5.537142857,278.1342857
2,14/01/2021,0,0,0,0,0,0,0,0,0,0,0,2.084571429,4.298285714,4.384857143,4.018285714,101.1448571,3.158371429,21.964,7.843714286,320.9171429
3,21/01/2021,0,0,0,0,0,0,0,0,0,0,0,4.558285714,5.062285714,4.157142857,4.815142857,100.0785714,3.062714286,28.68771429,7.744571429,324.2428571
4,28/01/2021,0,0,0,0,0,0,0,0,0,0,0,2.379142857,4.446571429,4.130571429,3.807714286,99.48657143,1.483028571,15.91657143,3.365714286,248.66
5,04/02/2021,0,0,0,0,0,0,0,0,0,0,0,4.508285714,5.051142857,4.257142857,5.060857143,99.13057143,0.800085714,10.44571429,3.551142857,232.8914286
6,11/02/2021,0,0,0,0,0,0,0,0,0,0,0,0.667714286,3.577428571,2.225714286,3.892285714,100.3828571,1.113485714,9.677714286,2.885428571,246.5514286
7,18/02/2021,0,0,0,0,0,0,0,0,0,0,0,3.392285714,4.459428571,2.540285714,3.666285714,101.0445714,1.027085714,19.76428571,4.328285714,253.1914286
8,25/02/2021,0,0,0,1,0,0,0,0,0,0,0,8.69,6.325428571,0.737428571,4.746,100.6831429,0.754542857,11.48542857,3.236857143,213.7914286
9,04/03/2021,0,0,0,0,0,0,0,0,0,0,0,4.582,4.752,0.735714286,2.492571429,102.542,0.797657143,8.524,2.641714286,213.5257143
10,11/03/2021,0,0,0,0,0,0,0,0,0,0,0,4.266285714,4.429428571,2.268,4.110571429,101.1377143,0.653342857,9.42,2.449142857,241.2485714
11,18/03/2021,0,0,0,0,0,0,0,0,0,0,0,6.334,5.225428571,1.968,5.056571429,100.8248571,0.524971429,10.17142857,2.155142857,223.5285714
12,25/03/2021,0,0,0,1,0,0,0,0,0,0,0,6.784,5.307428571,0.239714286,4.020285714,101.7105714,0.460085714,9.409714286,2.377142857,227.7714286
13,01/04/2021,0,0,0,1,0,0,0,0,0,0,0,9.323714286,6.095142857,0.773714286,4.591142857,101.3391429,0.494085714,5.900571429,1.84,213.0114286
14,08/04/2021,0,0,1,0,0,0,0,0,0,0,0,4.377714286,4.027428571,0.128857143,4.554571429,101.6225714,0.321057143,8.213142857,2.814857143,209.2057143
15,15/04/2021,0,0,3,1,0.1,0,0,0,0,0,0,4.585142857,4.021428571,0.658571429,3.164857143,101.7351429,0.405257143,5.858285714,2.054,208.9142857
16,22/04/2021,0,0,0,0,0,0,0,0,0,0,0,7.070571429,4.679428571,0.048,2.663428571,101.7522857,0.389257143,5.321714286,1.805714286,198.2371429
17,29/04/2021,0,0,0,0,0,0,0,0,0,0,0,7.079142857,4.692,0.527714286,3.506571429,101.2268571,0.250285714,6.096285714,1.360857143,175.5457143
18,06/05/2021,0,0,0,0,0,0,0,0,0,0,0,6.844,4.835714286,2.400571429,4.950571429,100.314,0.258828571,8.051142857,1.958571429,165.9542857
19,13/05/2021,0,0,0,0,0,0,0,0,0,0,0,10.77371429,6.695714286,3.723428571,4.953428571,99.80257143,0.212714286,7.062571429,1.804571429,143.0542857
20,20/05/2021,0,0,0,0,0,0,0,0,0,0,0,10.29971429,6.619714286,3.452857143,4.040285714,100.0374286,0.251342857,10.90114286,2.638,192.7457143
21,27/05/2021,0,0,0,0,0,0,0,0,0,0,0,10.392,6.426,3.321142857,5.250285714,100.0262857,0.257885714,6.765428571,1.902285714,175.4914286
22,03/06/2021,0,0,2,0,0.1,0,0,0,0,0,0,14.30342857,7.851714286,0.132857143,2.673142857,101.402,0.223685714,9.778857143,2.223142857,183.4914286
23,10/06/2021,0,0,0,0,0,0,0,0,0,0,0,16.25971429,9.019714286,1.136857143,2.268,101.5337143,0.1968,11.60628571,1.473714286,203.7542857
24,17/06/2021,0,0,0,0,0,0,0,0,0,0,0,17.70314286,9.926285714,1.774571429,3.565428571,101.1477143,0.235057143,8.843142857,2.412857143,180.1914286
25,24/06/2021,0,0,0,0,0,0,0,0,0,0,0,13.92142857,8.040571429,5.491714286,3.49,100.9131429,0.193742857,10.442,2.764285714,216.3771429
26,01/07/2021,0,0,1,0,0,0,0,0,0,0,0,15.59971429,9.205428571,2.412,3.407142857,100.9257143,0.369514286,6.056285714,2.076857143,189.1485714
27,08/07/2021,0,0,0,0,0,0,0,1.2,0.7,0.5,2.2,16.57028571,9.633714286,3.925142857,3.380285714,100.2542857,0.260485714,7.181428571,2.195428571,203.7342857
28,15/07/2021,0,0,0,0,0,0,0,0.9,1.2,0.4,1.4,17.04142857,9.913428571,1.979142857,2.818857143,100.9654286,0.399771429,7.529142857,2.396285714,206.5571429
29,22/07/2021,0,0,0,0,0,0,0,1.4,0.6,0.2,1.2,20.30142857,10.88314286,0.201428571,2.378857143,101.6648571,0.544057143,6.113142857,2.438571429,221.5342857
30,29/07/2021,0,0,0,1,0,0,0.1,0.9,0.5,0.2,1.2,17.40371429,10.06057143,2.740285714,4.167142857,100.2357143,0.381628571,6.687142857,1.793142857,233.6628571
31,05/08/2021,0,0,1,1,0,0.1,0,1,0.7,0.5,1.5,15.99342857,9.014,2.414285714,3.642571429,100.2425714,0.477914286,10.39714286,4.328,265.3228571
32,12/08/2021,0,0,0,0,0,0,0,0.9,1.6,0.5,1.4,16.72742857,9.639714286,2.691142857,3.933142857,100.1208571,0.525057143,10.664,2.68,284.3314286
33,19/08/2021,0,0,0,0,0,0,0,1.9,0.9,0.5,2.1,16.68571429,9.508285714,0.712,3.961428571,100.8962857,0.483114286,6.510571429,2.540285714,220.7
34,26/08/2021,0,0,1,0,0,0,0,2.6,0.6,0.4,1.3,16.666,9.516,1.191142857,3.026571429,101.4834286,0.731771429,9.249428571,3.792857143,236.2914286
35,02/09/2021,0,0,1,0,0,0,0,2.2,1.1,1.2,1.2,15.33457143,8.466,0.263142857,2.874571429,101.9717143,0.916142857,13.93142857,5.063714286,246.48
36,09/09/2021,0,0,0,0,0,0,0,1.5,2.3,2.3,2.9,18.01657143,10.35257143,0.638857143,2.842857143,101.09,1.046485714,9.536571429,3.996,266.3714286
37,16/09/2021,0,0,0,1,0,0,0,1.4,3.3,1,3,16.42371429,9.668285714,1.71,2.896857143,100.7717143,0.796114286,8.227428571,3.816285714,245.1571429
38,23/09/2021,0,1,4,2,0,0.2,0.2,1.1,2.6,0.5,2.2,15.62257143,9.038,0.818,3.340857143,101.2602857,1.931914286,15.57257143,6.306285714,307.94
39,30/09/2021,0,8,3,2,0,0.4,0.1,2.1,3.3,0.4,1.8,14.31857143,8.740285714,3.678285714,5.254285714,100.6834286,1.088314286,12.04685714,4.844571429,269.0828571
40,07/10/2021,0,13,5,4,0,0.8,0,1.3,4.5,0.7,1.7,12.46028571,7.837428571,6.423142857,5.97,100.0242857,1.854428571,15.52514286,4.364285714,293.62
41,14/10/2021,0,16,8,2,0,1,0.2,2.6,5.8,0.8,1.9,11.90685714,7.667428571,0.335714286,3.009142857,101.9828571,1.180228571,17.92657143,3.431428571,299.3542857
42,21/10/2021,0,11,17,6,0,0.7,0.1,2.8,6.2,0.5,1.7,12.08628571,7.944571429,5.599142857,5.193714286,100.4857143,1.364314286,13.15285714,3.958285714,255.0485714
43,28/10/2021,0,8,19,6,0,0.7,0,2.9,7.6,0.9,1.3,11.23114286,7.380857143,0.514,3.954285714,100.8702857,1.123457143,11.63542857,4.276,269.9628571
44,04/11/2021,0,5,10,2,0,0.4,0,3.8,8.3,1.7,1,8.696857143,6.417714286,3.418,5.565142857,99.18542857,2.224742857,21.50114286,4.974571429,361.4371429
45,11/11/2021,0,21,14,3,0,0.7,0,3.7,9.3,2.5,1.2,8.610285714,6.51,0.387714286,3.617428571,101.4665714,2.281085714,23.622,4.193428571,363.5571429
46,18/11/2021,0,14,19,9,0,0.6,0.1,7.5,9.9,2.5,1.9,8.900857143,6.663714286,0.503142857,2.78,101.342,1.052571429,11.57028571,4.828571429,259.9857143
47,25/11/2021,0,16,25,9,0,0.7,0.2,15,12.7,3.3,3.4,5.694,5.348285714,0.274285714,2.898571429,101.6654286,1.669542857,19.35885714,6.380571429,330.1942857
48,02/12/2021,0,33,23,5,0,0.9,0.2,16.9,17.3,3.7,3.1,3.548571429,4.666857143,2.491714286,5.317428571,99.52857143,0.869485714,10.99885714,4.689714286,276.0885714
49,09/12/2021,0,32,27,7,0,1.1,0,20.6,23.5,5.5,7.4,4.231142857,4.880571429,4.560285714,6.519714286,99.15028571,1.3724,19.22685714,3.702857143,302.6
50,16/12/2021,0,16,42,4,0,1.1,0.1,21.4,29.9,6.7,9.7,7.590285714,6.272571429,1.49,3.478,101.3048571,0.733028571,8.932285714,3.557428571,213.9742857
51,23/12/2021,0,22,31,0,0,0.8,0,22.2,31.8,12.4,19.5,4.501142857,4.988571429,0.482285714,2.101714286,102.0114286,1.014457143,12.83057143,4.080571429,285.3714286
52,30/12/2021,0,26,14,1,0,0.6,0,25.3,27.9,17.4,26,7.663142857,6.422,4.134285714,5.153142857,99.35285714,0.7354,9.215142857,2.646285714,237.6171429
1,06/01/2022,2,14,14,1,0,0.5,0,19,15.1,16.4,25.5,6.538285714,5.911714286,1.377142857,4.472285714,100.2634286,0.808228571,8.202285714,2.734,244.8542857
2,13/01/2022,0,9,16,6,0,0.5,0,12.6,7.2,21.4,25.5,4.133428571,4.93,1.985714286,3.782571429,101.1908571,1.308942857,11.65657143,4.658285714,254.3542857
3,20/01/2022,1,12,6,3,0,0.4,0,9.4,3.4,21.3,24,3.066571429,4.51,0.287714286,2.914,102.388,0.864714286,6.772,2.743428571,236.0942857
4,27/01/2022,2,9,10,3,0,0.4,0,7.1,3.3,23.8,24.4,2.670857143,4.305714286,0.128285714,2.734,102.586,1.268057143,11.86285714,3.102,246.1485714
5,03/02/2022,1,16,8,0,0,0.4,0,7.5,2.7,25.7,23,6.454857143,5.388857143,0.406,6.375714286,101.5262857,0.954028571,9.335428571,2.793142857,230.5971429
6,10/02/2022,1,24,12,3,0,0.6,0,5.9,2.2,28.6,22.1,6.345714286,5.332,1.691142857,4.598857143,100.9562857,1.359514286,22.83971429,5.214285714,303.6857143
7,17/02/2022,14,20,22,2,0,0.8,0,6.6,2.5,27.8,26.2,6.423714286,5.379142857,3.341428571,5.971142857,99.96314286,1.038714286,18.64257143,4.696857143,275.8685714
8,24/02/2022,11,37,29,1,0,1.1,0,5.8,2.5,22.2,25.7,6.290285714,5.190857143,4.202,9.343714286,99.99742857,0.541114286,7.624571429,1.862571429,222.48
9,03/03/2022,4,57,41,2,0,1.6,0,5.5,1.9,16,23.5,5.883428571,5.034,2.489714286,4.580285714,101.5728571,0.666371429,6.212285714,2.472,212.9114286
10,10/03/2022,12,84,49,4,0,2,0,5.3,2.1,11.7,22.4,5.830285714,4.897428571,1.071428571,4.121428571,101.2814286,0.599085714,7.809428571,2.592857143,213.6371429
11,17/03/2022,17,105,72,1,0,2.8,0,3.9,2.1,12.3,18.8,8.065714286,5.85,2.762571429,4.672,100.8514286,0.492,7.440857143,1.547142857,194.7171429
12,24/03/2022,23,135,106,3,0,3.8,0,2.1,1.6,10.7,15.7,8.282285714,5.266285714,0.135714286,3.180857143,102.4868571,0.502142857,8.470571429,2.062285714,195.9714286
13,31/03/2022,22,156,103,3,0,4.3,0,0.7,1.6,9.4,16.8,7.328857143,5.282285714,0.987142857,3.405714286,101.3691429,0.288971429,8.730571429,2.266571429,179.0342857
14,07/04/2022,18,131,203,2,0,5.3,0,0.1,1.5,7.4,15.2,6.624857143,5.031714286,1.896285714,4.812571429,100.1494286,0.2886,6.995142857,1.950571429,181.6828571
15,14/04/2022,17,118,137,5,0,3.9,0.1,0,1.2,7.2,9.8,8.712285714,5.700857143,0.501142857,3.756285714,100.5025714,0.304,4.841428571,2.070285714,172.8828571
16,21/04/2022,14,70,101,5,0,2.9,0,0.1,1.1,6.4,6,10.79314286,6.154,0.070285714,3.107428571,101.29,0.306771429,4.965428571,1.547428571,174.9314286
17,28/04/2022,6,61,92,7,0,2.5,0,0,1.1,5.5,3,9.467142857,5.654285714,0.094,3.199714286,100.9997143,0.300514286,6.446,1.539428571,166.0542857
18,05/05/2022,8,60,70,2,0,2.1,0,0,1,3.8,2.4,10.73714286,6.401428571,0.853714286,2.660857143,101.64,0.257142857,7.626285714,1.396571429,176.1942857
19,12/05/2022,4,49,72,2,0,1.8,0,0,0.5,3.5,1.5,12.79514286,7.278571429,1.078,3.888285714,101.2482857,0.280428571,6.182857143,1.909714286,156.3114286
20,19/05/2022,4,34,52,1,0,1.2,0,0,0.4,2.7,1.6,14.69542857,8.262,2.399428571,4.064,100.9968571,0.233742857,5.782571429,1.981142857,151.0342857
21,26/05/2022,6,20,37,4,0,0.8,0,0,0.6,2.7,1.1,13.53171429,7.644857143,2.099142857,4.352,100.5111429,0.210228571,9.521142857,1.892,182.5971429
22,02/06/2022,2,25,35,5,0,1,0.1,0,0.4,1.4,0.6,11.83828571,6.418571429,1.042,2.937142857,101.1168571,0.245228571,4.702,1.506,165.06
23,09/06/2022,5,18,35,1,0,0.9,0,0,0.4,2,0.4,14.34742857,8.108857143,4.212285714,3.826,100.6968571,0.3068,3.241142857,1.562571429,139.6371429
24,16/06/2022,2,16,19,4,0,0.5,0,0,0.4,1.7,0.7,16.35971429,8.038,0.054857143,3.286571429,101.3288571,0.208514286,6.339428571,1.729142857,162.7628571
25,23/06/2022,1,11,19,5,0,0.5,0,0,0.5,1.2,0.4,16.84314286,8.658,0.805714286,3.568,100.8094286,0.239114286,4.912,1.386571429,149.5114286
26,30/06/2022,0,3,20,5,0,0.5,0,0,0.4,1,0.6,15.908,8.292571429,1.309714286,4.568285714,100.3748571,0.264142857,6.691428571,2.029142857,182.84
27,07/07/2022,0,6,39,2,0,0,0,1.2,0.7,0.5,2.2,16.43057143,8.267428571,0.344285714,3.749428571,101.3925714,0.241342857,4.400285714,1.104857143,156.7742857
28,14/07/2022,1,13,82,4,0,0,0,0.9,1.2,0.4,1.4,19.86428571,9.406,0.043428571,3.096571429,101.7791429,0.216771429,10.67257143,1.730285714,197.6085714
29,21/07/2022,0,3,32,1,0,0,0,1.4,0.6,0.2,1.2,20.78485714,9.916857143,0.176571429,3.019428571,101.2817143,0.276885714,12.116,1.906,184.68
30,28/07/2022,0,8,26,2,0,0,0.1,0.9,0.5,0.2,1.2,18.11428571,9.22,0.668571429,3.172571429,100.9491429,0.349857143,4.391142857,1.612,156.8342857
31,04/08/2022,3,6,19,0,0,0.1,0,1,0.7,0.5,1.5,20.17714286,10.45085714,0.973714286,3.973142857,100.8382857,0.4614,6.340857143,1.982571429,172.3828571
32,11/08/2022,0,5,105,8,0,0,0,0.9,1.6,0.5,1.4,19.34285714,8.593714286,0.052571429,2.594285714,101.8345714,0.503714286,5.131714286,2.588285714,176.2571429
33,18/08/2022,5,4,31,6,0,0,0,1.9,0.9,0.5,2.1,21.10742857,10.72285714,1.868571429,3.047714286,100.3951429,0.694171429,4.262857143,1.859428571,163.28
34,25/08/2022,3,0,21,1,0,0,0,2.6,0.6,0.4,1.3,19.11771429,10.27085714,1.679428571,3.428285714,100.772,1.012114286,10.556,3.877142857,239.34
35,01/09/2022,1,11,21,1,0,0,0,2.2,1.1,1.2,1.2,17.64228571,8.873142857,0.296,2.635142857,101.4477143,0.849685714,6.337428571,3.254,199.5485714
36,08/09/2022,3,6,61,5,0,0,0,1.5,2.3,2.3,2.9,18.41085714,10.65171429,3.075714286,3.839714286,100.3702857,1.211828571,9.897714286,3.858571429,229.5828571
37,15/09/2022,4,11,120,4,0,0,0,1.4,3.3,1,3,16.418,9.327714286,2.088285714,3.240571429,100.4268571,1.416914286,10.16885714,3.557428571,239.7
38,22/09/2022,5,13,73,6,0,0.2,0.2,1.1,2.6,0.5,2.2,12.79428571,6.779714286,0.311714286,3.507428571,101.4534286,1.839228571,12.40685714,3.484857143,261.4657143
39,29/09/2022,2,32,61,12,0,0.4,0.1,2.1,3.3,0.4,1.8,11.53057143,6.755428571,1.369428571,3.462571429,100.0434286,1.622657143,15.91057143,3.26,243.6885714
40,06/10/2022,3,47,82,8,0,0.8,0,1.3,4.5,0.7,1.7,13.43828571,7.934571429,2.528285714,5.155714286,100.7542857,1.774342857,11.49171429,3.710571429,265.8057143
41,13/10/2022,6,56,235,20,0,1,0.2,2.6,5.8,0.8,1.9,11.48057143,6.668285714,1.133714286,3.837142857,101.184,1.278885714,10.45885714,2.926571429,257.8657143
42,20/10/2022,5,79,220,22,0,0.7,0.1,2.8,6.2,0.5,1.7,12.40571429,7.891142857,2.848857143,4.640285714,100.5802857,2.687971429,21.488,4.520285714,399.0571429
43,27/10/2022,10,93,294,16,0,0.7,0,2.9,7.6,0.9,1.3,14.308,9.282285714,3.966,5.036571429,99.93028571,1.944,19.90714286,3.889428571,303.6542857
44,03/11/2022,16,81,230,12,0,0.4,0,3.8,8.3,1.7,1,12.68057143,8.339142857,5.264571429,5.294857143,100.2268571,2.562571429,17.62828571,3.673428571,348.58
45,10/11/2022,12,73,322,30,0,0.7,0,3.7,9.3,2.5,1.2,10.63457143,7.442571429,3.724857143,4.097714286,99.90314286,1.9808,21.24428571,4.491714286,352.78
46,17/11/2022,16,127,422,36,0,0.6,0.1,7.5,9.9,2.5,1.9,10.17771429,7.508857143,4.726,4.798571429,99.87714286,1.884114286,19.74714286,6.086,400.2885714
47,24/11/2022,22,238,524,37,0,0.7,0.2,15,12.7,3.3,3.4,6.863714286,5.904857143,4.597428571,5.259428571,99.144,0.811971429,9.314857143,3.456857143,262.7057143
48,01/12/2022,34,374,561,32,0,0.9,0.2,16.9,17.3,3.7,3.1,6.918857143,5.946571429,2.091142857,3.901714286,101.0994286,0.8232,9.011714286,3.404,243.2657143
49,08/12/2022,46,656,681,41,0,1.1,0,20.6,23.5,5.5,7.4,3.235142857,4.497428571,0.529142857,2.081714286,101.304,1.066285714,12.08771429,3.515142857,277.3342857
50,15/12/2022,80,909,1846,74,0,1.1,0.1,21.4,29.9,6.7,9.7,-0.770857143,3.440285714,0.46,2.240857143,100.0851429,1.566857143,11.56857143,3.466857143,302.2171429
51,22/12/2022,92,1277,2374,106,0,0.8,0,22.2,31.8,12.4,19.5,4.317428571,5.211428571,3.195714286,4.486857143,100.2897143,1.417057143,15.98771429,2.704857143,331.9142857
52,29/12/2022,29,930,1829,106,0,0.6,0,25.3,27.9,17.4,26,7.190285714,6.077714286,3.874857143,5.08,99.89314286,0.686771429,6.561142857,2.265428571,254.3428571
1,05/01/2023,27,538,786,101,0,0.5,0,19,15.1,16.4,25.5,8.461714286,6.662285714,4.200857143,5.927428571,100.1237143,1.863771429,17.00371429,4.590285714,323.6628571
2,12/01/2023,16,189,463,90,0,0.5,0,12.6,7.2,21.4,25.5,7.603142857,6.143428571,4.192285714,5.946,99.43142857,1.333771429,14.97028571,2.822571429,265.2342857
3,19/01/2023,4,75,140,61,0,0.4,0,9.4,3.4,21.3,24,2.402857143,4.357714286,4.449142857,5.831428571,98.92228571,0.847685714,6.996285714,1.922,223.9057143
4,26/01/2023,4,70,125,81,0,0.4,0,7.1,3.3,23.8,24.4,1.198857143,3.896,0.548285714,2.457142857,102.4454286,1.223428571,10.39285714,2.22,219.3142857
5,02/02/2023,4,39,80,92,0,0.4,0,7.5,2.7,25.7,23,4.658285714,4.877142857,0.210285714,3.710571429,101.796,0.710914286,7.444285714,2.165428571,169.7
6,09/02/2023,1,10,54,110,0,0.6,0,5.9,2.2,28.6,22.1,4.171142857,4.634285714,0.13,3.126571429,102.88,0.741257143,8.484571429,2.159428571,189.5514286
7,16/02/2023,1,10,51,144,0,0.8,0,6.6,2.5,27.8,26.2,5.951142857,5.428571429,0.280857143,3.107428571,102.2794286,1.004514286,13.34742857,3.085142857,263.4857143
8,23/02/2023,1,19,45,131,0,1.1,0,5.8,2.5,22.2,25.7,8.022,6.047714286,0.646571429,4.459142857,101.1151429,0.792057143,6.614,2.230857143,207.42
9,02/03/2023,3,10,19,93,0,1.6,0,5.5,1.9,16,23.5,3.893142857,4.275428571,0.476,3.534571429,101.7928571,0.637542857,7.788857143,1.006285714,223.0485714
10,09/03/2023,1,13,19,133,0,2,0,5.3,2.1,11.7,22.4,2.838571429,4.168285714,3.816857143,4.013142857,100.1514286,0.521457143,10.69142857,1.505428571,222.0657143
11,16/03/2023,1,8,33,125,0,2.8,0,3.9,2.1,12.3,18.8,6.146857143,5.259714286,2.859714286,6.104,99.52628571,0.665828571,10.776,1.244285714,215.7742857
12,23/03/2023,0,8,10,98,0,3.8,0,2.1,1.6,10.7,15.7,9.743714286,6.662571429,2.621142857,3.862857143,99.82114286,0.392657143,9.012285714,1.807428571,214.0114286
13,30/03/2023,0,1,9,100,0,4.3,0,0.7,1.6,9.4,16.8,8.196857143,5.868,3.111142857,5.48,100.0542857,0.387542857,6.702285714,1.762285714,199.7742857
14,06/04/2023,0,0,9,79,0,5.3,0,0.1,1.5,7.4,15.2,7.228285714,5.301714286,2.715714286,3.138,100.8542857,0.281857143,6.306571429,1.588285714,193.3857143
15,13/04/2023,1,0,11,58,0,3.9,0.1,0,1.2,7.2,9.8,8.267714286,5.560857143,2.864857143,5.395428571,100.3108571,0.4162,7.467714286,1.362857143,215.8228571
16,20/04/2023,1,2,10,40,0,2.9,0,0.1,1.1,6.4,6,8.934857143,5.617142857,1.569142857,4.345142857,101.4602857,0.367971429,8.013428571,1.706,215.7514286
17,27/04/2023,1,1,11,41,0,2.5,0,0,1.1,5.5,3,8.014285714,5.433428571,3.159714286,4.265142857,100.3951429,0.310142857,4.565142857,1.429714286,186.8742857
18,04/05/2023,0,0,10,33,0,2.1,0,0,1,3.8,2.4,10.82085714,6.628,0.653428571,3.246571429,101.2425714,0.243542857,5.817142857,1.454857143,200.34
19,11/05/2023,0,2,12,14,0,1.8,0,0,0.5,3.5,1.5,12.98685714,8.06,4.563714286,3.168857143,100.6874286,0.342571429,7.652857143,0.996,207.1342857
20,18/05/2023,0,0,4,14,0,1.2,0,0,0.4,2.7,1.6,11.63228571,6.727714286,0.774571429,3.636857143,101.6722857,0.2214,9.649142857,1.481142857,240.68
21,25/05/2023,0,0,14,11,0,0.8,0,0,0.6,2.7,1.1,12.74714286,6.961428571,0.175142857,3.408857143,101.8117143,0.254742857,6.275714286,1.366285714,197.3142857
22,01/06/2023,1,3,8,3,0,1,0.1,0,0.4,1.4,0.6,12.58742857,6.787714286,0.058571429,2.994285714,102.0354286,0.2388,5.970571429,1.517428571,199.6685714
23,08/06/2023,0,0,10,2,0,0.9,0,0,0.4,2,0.4,13.01114286,6.919142857,0.037142857,2.606,101.6117143,0.199914286,5.895714286,1.479714286,184.0628571
24,15/06/2023,0,1,10,3,0,0.5,0,0,0.4,1.7,0.7,18.04171429,9.769142857,0.502857143,2.907142857,100.8965714,0.264428571,5.120857143,1.348857143,183.9542857
25,22/06/2023,2,0,9,5,0,0.5,0,0,0.5,1.2,0.4,18.218,10.17142857,3.430571429,3.082857143,100.6422857,0.376514286,4.566285714,1.819142857,208.94
26,29/06/2023,0,2,5,2,0,0.5,0,0,0.4,1,0.6,18.86028571,10.29314286,1.315714286,3.468571429,101.1122857,0.307514286,4.739428571,1.758571429,223.4657143
27,06/07/2023,5,7,5,2,0,0,0,0,0,0,0,15.78057143,8.140857143,2.401428571,4.829714286,100.2522857,0.295371429,4.805428571,1.197714286,188.1371429
28,13/07/2023,1,5,14,2,0,0,0,0,0,0,0,18.36542857,9.821142857,1.451142857,4.029142857,100.7351429,0.230714286,8.882571429,1.924,203.52
29,20/07/2023,0,14,10,5,0,0,0,0,0,0,0,16.63457143,8.999714286,3.643428571,4.547428571,100.4,0.277771429,7.737714286,2.213714286,233.5771429
30,27/07/2023,2,15,6,4,0,0,0,0,0,0,0,16.39514286,9.248285714,5.445428571,4.857428571,100.0185714,0.381828571,6.373142857,1.576285714,244.0914286
31,03/08/2023,0,10,6,2,0,0,0,0,0,0,0,17.38828571,9.936285714,3.795714286,4.827142857,99.47942857,0.286828571,6.912857143,1.724285714,234.64
32,10/08/2023,0,7,32,7,0,0,0,0,0,0,0,16.10342857,8.986571429,2.748571429,4.420285714,100.8145714,0.341371429,9.577714286,2.884857143,245.2
33,17/08/2023,1,9,12,3,0,0,0,0,0,0,0,18.29285714,10.16885714,1.233142857,3.814571429,100.8294286,0.381914286,7.828285714,2.588285714,230.7142857
34,24/08/2023,0,7,13,7,0,0,0,0,0,0,0,18.83771429,10.62628571,2.265714286,3.200285714,100.99,0.532628571,9.983714286,2.533714286,250.2257143
35,31/08/2023,3,8,5,1,0,0,0,0,0,0,0,15.01771429,8.309428571,1.782285714,2.876285714,100.2554286,0.543714286,6.291714286,2.153142857,267.5542857
36,07/09/2023,1,12,20,6,0,0,0,0,0,0,0,19.238,11.03857143,0.507142857,2.486285714,101.2314286,0.795428571,7.685714286,2.672571429,240.6657143
37,14/09/2023,1,12,31,6,0,0,0,0,0,0,0,19.31028571,10.81714286,1.864571429,3.021142857,100.9137143,1.151142857,9.488571429,2.324857143,277.96
38,21/09/2023,0,16,20,4,0,0,0,0,0,0,0,16.58942857,9.973142857,4.314857143,5.283714286,99.79028571,1.5858,8.689142857,2.402857143,314.3742857
39,28/09/2023,1,8,14,5,0,0,0,0,0,0,0,15.20342857,8.872857143,1.447714286,5.155142857,100.5597143,0.935828571,5.770285714,2.789428571,263.1371429
40,05/10/2023,6,13,18,9,0,0,0,0,0,0,0,14.95857143,8.929428571,1.344285714,4.225142857,101.248,1.0246,8.216285714,2.686,296.9171429
41,12/10/2023,4,9,29,18,0,0,0,0,0,0,0,15.64885714,9.394,2.232285714,3.821428571,101.0422857,1.104314286,9.676,1.925142857,316.26
42,19/10/2023,6,20,26,13,0,0,0,0,0,0,0,10.94142857,7.125142857,4.964571429,5.16,100.0948571,0.902828571,9.195428571,2.545428571,277.7714286
43,26/10/2023,2,20,30,14,0,0,0,0,0,0,0,10.66485714,7.636,5.827142857,4.138857143,98.74171429,1.935228571,18.19171429,4.271142857,353.6914286
44,02/11/2023,5,25,44,14,0,0,0,0,0,0,0,10.43114286,7.516857143,7.718285714,4.640285714,98.05628571,2.534,26.21657143,6.075142857,414.5314286
45,09/11/2023,8,42,71,17,0,0,0,0,0,0,0,8.354571429,6.441428571,2.854857143,5.132,98.28657143,1.459571429,15.77571429,3.964857143,419.2314286
46,16/11/2023,4,45,66,13,0,0,0,0,0,0,0,7.769142857,6.236571429,3.734571429,5.121142857,99.71171429,0.497485714,6.885428571,2.748285714,321.0685714
47,23/11/2023,8,55,66,10,0,0,0,0,0,0,0,8.955142857,6.738857143,1.990285714,3.988285714,100.8885714,0.441714286,5.533428571,3.010571429,316.74
48,30/11/2023,17,75,86,9,0,0,0,0,0,0,0,2.795142857,4.372285714,2.054857143,3.564857143,100.2654286,0.749142857,10.60942857,3.229428571,362.8171429
49,07/12/2023,35,157,223,15,0,0,0,0,0,0,0,2.758,4.496857143,5.215714286,3.714,100.1788571,1.859142857,19.48685714,5.25,364.8771429
50,14/12/2023,66,299,409,18,0,0,0,0,0,0,0,6.89,6.009714286,3.844571429,5.967142857,99.52571429,1.325371429,14.54514286,4.456,345.4714286
51,21/12/2023,105,331,553,18,0,0,0,0,0,0,0,8.125142857,6.266,2.278,3.136857143,101.6297143,0.743685714,9.044,3.224857143,323.3085714
52,28/12/2023,79,294,598,15,0,0,0,0,0,0,0,9.194857143,6.664857143,2.745142857,5.104,99.94657143,1.266028571,11.84971429,3.402571429,329.5142857
1,04/01/2024,77,219,499,24,0,0,0,0,0,0,0,7.3805,6.0515,6.3215,6.762,99.0815,0.858485714,8.948571429,2.667714286,255.9257143
2,11/01/2024,57,206,544,21,0,0,0,0,0,0,0,3.499886364,4.347727273,0.161704545,2.596818182,102.7813636,1.3038,12.41771429,3.767714286,292.1628571
3,18/01/2024,104,387,753,22,0,0,0,0,0,0,0,1.547678571,3.832711039,0.502597403,3.385551948,100.2267532,0.895828571,8.644571429,3.120857143,286.4485714
4,25/01/2024,171,512,911,49,0,0,0,0,0,0,0,6.106071429,5.41211039,3.361168831,7.349237013,100.3517857,1.565171429,18.47485714,3.467714286,312.3857143
5,01/02/2024,158,489,712,67,0,0,0,0,0,0,0,5.871964286,5.305568182,2.104675325,4.89237013,101.520211,1.213714286,17.09742857,3.403714286,275.34
6,08/02/2024,125,369,669,65,0,0,0,0,0,0,0,7.389058442,5.928019481,4.199756494,4.708506494,100.2462013,0.984457143,15.71542857,3.443142857,241.3285714
7,15/02/2024,115,291,411,70,0,0,0,0,0,0,0,7.437305195,6.268912338,4.427857143,4.328701299,98.69660714,0.753228571,11.56085714,2.528285714,260.9885714
8,22/02/2024,68,211,310,62,0,0,0,0,0,0,0,8.433798701,6.487678571,5.53762987,5.431866883,100.4023539,0.778571429,9.282285714,2.430857143,230.8
9,29/02/2024,41,147,177,58,0,0,0,0,0,0,0,5.404675325,5.136899351,1.91150974,5.896136364,99.3611526,0.494114286,12.12285714,1.822857143,227.6857143
10,07/03/2024,29,124,168,78,0,0,0,0,0,0,0,5.159935065,5.039886364,2.426655844,5.046672078,99.74905844,0.434,6.519714286,2.161428571,217.1428571
11,14/03/2024,43,155,240,93,0,0,0,0,0,0,0,7.663944805,6.109642857,2.928474026,3.584545455,99.49454545,0.555714286,5.795142857,1.423428571,199.9914286
12,21/03/2024,21,92,173,78,0,0,0,0,0,0,0,9.086055195,6.575454545,2.41836039,5.101737013,100.4345455,0.503828571,8.380285714,1.834857143,195.0428571
13,28/03/2024,11,54,121,56,0,0,0,0,0,0,0,7.11887987,5.564204545,2.992548701,5.474383117,98.65743506,0.226571429,6.37,2.188,184.1714286
14,04/04/2024,13,55,89,46,0,0,0,0,0,0,0,8.54163961,6.348571429,3.333571429,5.409642857,98.55464286,0.259542857,5.233428571,1.493142857,182.5314286
15,11/04/2024,16,53,77,37,0,0,0,0,0,0,0,10.76761364,7.15275974,2.970762987,5.755340909,99.8337987,0.2292,5.328,1.731428571,171.2514286
16,18/04/2024,14,55,43,43,0,0,0,0,0,0,0,8.528392857,5.832094156,1.785487013,5.241103896,100.6734903,0.219371429,7.957714286,2.071142857,185.6542857
17,25/04/2024,10,43,51,42,0,0,0,0,0,0,0,6.946558442,4.926753247,0.933928571,4.259399351,101.1113636,0.207742857,7.519142857,2.024571429,172.7971429
18,02/05/2024,5,46,68,47,0,0,0,0,0,0,0,9.189642857,6.365016234,4.011185065,4.257646104,99.73811688,0.208285714,7.528,1.725428571,180.7685714
19,09/05/2024,8,36,29,41,0,0,0,0,0,0,0,11.59155844,7.424025974,1.825275974,3.231461039,100.6261201,0.264342857,6.367428571,2.014857143,183.5457143
20,16/05/2024,5,24,19,26,0,0,0,0,0,0,0,13.44676948,8.499253247,2.931590909,3.219821429,100.1516558,0.240628571,6.456,2.585428571,184.5657143
21,23/05/2024,4,18,10,17,0,0,0,0,0,0,0,13.05336039,8.230162338,3.990454545,3.078409091,100.2158442,0.192571429,6.604285714,2.313428571,185.5857143
22,30/05/2024,4,20,6,7,0,0,0,0,0,0,0,12.71076299,8.008295455,3.800194805,3.777061688,100.270974,0.281285714,5.658571429,2.340857143,182.86
23,06/06/2024,2,22,21,12,0,0,0,0,0,0,0,12.43850649,7.533392857,1.290097403,4.034448052,100.9180195,0.189657143,7.238285714,1.849142857,194.1428571
24,13/06/2024,0,15,11,11,0,0,0,0,0,0,0,11.32926948,6.788295455,2.849561688,4.612808442,100.4459578,0.170314286,5.080857143,1.556,172.5485714
25,20/06/2024,0,18,25,6,0,0,0,0,0,0,0,13.25678571,7.896704545,2.12413961,3.978214286,99.96412338,0.194742857,6.124571429,1.996857143,173.2314286
26,27/06/2024,1,16,16,0,0,0,0,0,0,0,0,16.71741883,9.859756494,0.400032468,3.496461039,100.4551786,0.233428571,4.631428571,1.966571429,190.74
27,04/07/2024,3,13,12,6,0,0,0,0,0,0,0,13.94732143,8.123555195,1.976168831,4.243409091,100.2885552,0.316657143,5.722285714,1.929714286,234.7914286
28,11/07/2024,0,29,18,4,0,0,0,0,0,0,0,14.3400974,8.745811688,6.230974026,4.486704545,99.99672078,0.202571429,6.187142857,2.112285714,203.9657143
29,18/07/2024,2,42,27,8,0,0,0,0,0,0,0,17.87284091,10.54829545,0.088181818,2.674659091,101.0245455,0.2773,9.293,1.52,216.24
